id_sinistro;tipo_registro;data_sinistro;ano_sinistro;mes_sinistro;dia_sinistro;hora_sinistro;ano_mes_sinistro;dia_da_semana;turno;logradouro;numero_logradouro;tipo_via;tipo_local;latitude;longitude;cod_ibge;municipio;regiao_administrativa;administracao;conservacao;circunscricao;tp_sinistro_primario;qtd_pedestre;qtd_bicicleta;qtd_motocicleta;qtd_automovel;qtd_onibus;qtd_caminhao;qtd_veic_outros;qtd_veic_nao_disponivel;qtd_gravidade_fatal;qtd_gravidade_grave;qtd_gravidade_leve;qtd_gravidade_ileso;qtd_gravidade_nao_disponivel;tp_sinistro_atropelamento;tp_sinistro_colisao_frontal;tp_sinistro_colisao_traseira;tp_sinistro_colisao_lateral;tp_sinistro_colisao_transversal;tp_sinistro_colisao_outros;tp_sinistro_choque;tp_sinistro_capotamento;tp_sinistro_engavetamento;tp_sinistro_tombamento;tp_sinistro_outros;tp_sinistro_nao_disponivel
1265457;NOTIFICACAO;01/01/2022;2022;01;01;05:12;2022/01;Sábado;MADRUGADA;RUA VEREADOR NELSON GUIRALDELI;100.0;VIAS URBANAS;NAO DISPONIVEL;-22,43486849;-46,82488956;3522604;ITAPIRA;CAMPINAS;PREFEITURA;PREFEITURA;MUNICIPAL;OUTROS;;;;;;;;;;;;;;;;;;;;;;;;S;
1301846;NOTIFICACAO;01/01/2022;2022;01;01;05:39;2022/01;Sábado;MADRUGADA;RUA MARECHAL HUMBERTO DE ALENÇAR CASTELO BRANCO;165.0;VIAS URBANAS;NAO DISPONIVEL;-23,66587876;-46,79834311;3515004;EMBU DAS ARTES;METROPOLITANA DE SÃO PAULO;PREFEITURA;PREFEITURA;MUNICIPAL;OUTROS;;;;;;;;;;;;;;;;;;;;;;;;S;
1352130;NOTIFICACAO;01/01/2022;2022;01;01;00:36;2022/01;Sábado;MADRUGADA;AVENIDA JOSÉ BARBOSA DE SIQUEIRA;899.0;VIAS URBANAS;NAO DISPONIVEL;-23,54914547;-46,80854472;3534401;OSASCO;METROPOLITANA DE SÃO PAULO;PREFEITURA;PREFEITURA;MUNICIPAL;NAO DISPONIVEL;;;;;;;;;;;;;;;;;;;;;;;;;S
2279865;NOTIFICACAO;01/01/2022;2022;01;01;07:02;2022/01;Sábado;MANHA;RUA TEIXEIRA LOPES;100.0;VIAS URBANAS;NAO DISPONIVEL;-23,65826053;-46,78901278;3550308;SAO PAULO;METROPOLITANA DE SÃO PAULO;PREFEITURA;PREFEITURA;MUNICIPAL;OUTROS;;;;;;;;;;;;;;;;;;;;;;;;S;
1444289;NOTIFICACAO;01/01/2022;2022;01;01;07:28;2022/01;Sábado;MANHA;RUA GENEROSA MOREIRA DE ALMEIDA;100.0;VIAS URBANAS;NAO DISPONIVEL;-23,37972456;-46,44241336;3518800;GUARULHOS;METROPOLITANA DE SÃO PAULO;PREFEITURA;PREFEITURA;MUNICIPAL;OUTROS;;;;;;;;;;;;;;;;;;;;;;;;S;
1322053;SINISTRO NAO FATAL;01/01/2022;2022;01;01;05:56;2022/01;Sábado;MADRUGADA;RUA ALFONSO ASTURARO;226.0;VIAS URBANAS;PUBLICO;-23,58555504;-46,39484295;3550308;SAO PAULO;METROPOLITANA DE SÃO PAULO;PREFEITURA;PREFEITURA;MUNICIPAL;CHOQUE;;;1;;;;;;;;2;;;;;;;;;S;;;;;
1523084;NOTIFICACAO;01/01/2022;2022;01;01;09:05;2022/01;Sábado;MANHA;RUA MANOEL DEL ARCO;383.0;VIAS URBANAS;NAO DISPONIVEL;-20,76792779;-49,39231062;3549805;SAO JOSE DO RIO PRETO;SÃO JOSÉ DO RIO PRETO;PREFEITURA;PREFEITURA;MUNICIPAL;ATROPELAMENTO;;;;;;;;;;;;;;S;;;;;;;;;;;
1565068;NOTIFICACAO;01/01/2022;2022;01;01;09:59;2022/01;Sábado;MANHA;AVENIDA JOSE DA NATIVIDADE SALDANHA;0.0;VIAS URBANAS;NAO DISPONIVEL;-23,47368385;-46,68412506;3550308;SAO PAULO;METROPOLITANA DE SÃO PAULO;PREFEITURA;PREFEITURA;MUNICIPAL;OUTROS;;;;;;;;;;;;;;;;;;;;;;;;S;
2301039;NOTIFICACAO;01/01/2022;2022;01;01;10:53;2022/01;Sábado;MANHA;ESTRADA DA SERRA DA PAULISTA;100.0;VIAS URBANAS;NAO DISPONIVEL;-22,00036822;-46,78027009;3549102;SAO JOAO DA BOA VISTA;CAMPINAS;PREFEITURA;PREFEITURA;MUNICIPAL;OUTROS;;;;;;;;;;;;;;;;;;;;;;;;S;
1510588;SINISTRO NAO FATAL;01/01/2022;2022;01;01;03:30;2022/01;Sábado;MADRUGADA;SP 055;102.0;ESTRADAS E RODOVIAS;PUBLICO;-23,625469111;-45,4235180652;3510500;CARAGUATATUBA;SÃO JOSÉ DOS CAMPOS;DER;;ESTADUAL;COLISAO;;;1;1;;;;;;;2;;;;;;S;;;;;;S;;
1682668;NOTIFICACAO;01/01/2022;2022;01;01;12:30;2022/01;Sábado;TARDE;ESTRADA DA QUINTA DIVISA;100.0;VIAS URBANAS;NAO DISPONIVEL;-23,68294782;-46,30132968;3552502;SUZANO;METROPOLITANA DE SÃO PAULO;PREFEITURA;PREFEITURA;MUNICIPAL;OUTROS;;;;;;;;;;;;;;;;;;;;;;;;S;
2297903;NOTIFICACAO;01/01/2022;2022;01;01;13:59;2022/01;Sábado;TARDE;AVENIDA PRUDENTE DE MORÃES;100.0;VIAS URBANAS;NAO DISPONIVEL;-21,9925876;-47,42305056;3539301;PIRASSUNUNGA;CAMPINAS;PREFEITURA;PREFEITURA;MUNICIPAL;OUTROS;;;;;;;;;;;;;;;;;;;;;;;;S;
1613416;SINISTRO NAO FATAL;01/01/2022;2022;01;01;11:33;2022/01;Sábado;MANHA;AVENIDA MAESTRO HERVÉ CORDOVIL;247.0;VIAS URBANAS;PUBLICO;-21,12748301;-47,80686494;3543402;RIBEIRAO PRETO;RIBEIRÃO PRETO;PREFEITURA;PREFEITURA;MUNICIPAL;COLISAO;;;;;1;;;1;;;1;;1;;;;S;;;;;;;S;
1742988;NOTIFICACAO;01/01/2022;2022;01;01;15:55;2022/01;Sábado;TARDE;RUA AMÉLIA CORREIO PONTES GUIMARÃES;1400.0;VIAS URBANAS;NAO DISPONIVEL;-23,95212189;-47,05103079;3526209;JUQUITIBA;METROPOLITANA DE SÃO PAULO;PREFEITURA;PREFEITURA;MUNICIPAL;ATROPELAMENTO;;;;;;;;;;;;;;S;;;;;;;;;;;
1806766;NOTIFICACAO;01/01/2022;2022;01;01;17:10;2022/01;Sábado;TARDE;SP 150;10.0;ESTRADAS E RODOVIAS;NAO DISPONIVEL;-23,78965051;-46,50177472;3548708;SAO BERNARDO DO CAMPO;METROPOLITANA DE SÃO PAULO;DER;10.01;ESTADUAL;OUTROS;;;;;;;;;;;;;;;;;;;;;;;;S;
1803643;NOTIFICACAO;01/01/2022;2022;01;01;17:37;2022/01;Sábado;TARDE;RUA RIO GRANDE DO SUL;10.0;VIAS URBANAS;NAO DISPONIVEL;-23,82505265;-45,37146312;3520400;ILHABELA;SÃO JOSÉ DOS CAMPOS;PREFEITURA;PREFEITURA;MUNICIPAL;OUTROS;;;;;;;;;;;;;;;;;;;;;;;;S;
1686006;SINISTRO NAO FATAL;01/01/2022;2022;01;01;14:28;2022/01;Sábado;TARDE;RUA ARARITAGUABA;1069.0;VIAS URBANAS;PUBLICO;-23,51378668;-46,5835236;3550308;SAO PAULO;METROPOLITANA DE SÃO PAULO;PREFEITURA;PREFEITURA;MUNICIPAL;COLISAO;;;;2;;;;;;;1;;;;;;;S;;;;;;;
2459328;SINISTRO FATAL;01/01/2022;2022;01;01;;2022/01;Sábado;NAO DISPONIVEL;;;NAO DISPONIVEL;PUBLICO;;;3516200;FRANCA;FRANCA;NAO DISPONIVEL;NAO DISPONIVEL;NAO DISPONIVEL;CHOQUE;;;1;;;;;;1;;;;;;;;;;;S;;;;;
1299648;NOTIFICACAO;01/01/2022;2022;01;01;05:41;2022/01;Sábado;MADRUGADA;AVENIDA DOUTOR FRANCISCO JUNQUEIRA;1835.0;VIAS URBANAS;NAO DISPONIVEL;-21,19187668;-47,79766911;3543402;RIBEIRAO PRETO;RIBEIRÃO PRETO;PREFEITURA;PREFEITURA;MUNICIPAL;OUTROS;;;;;;;;;;;;;;;;;;;;;;;;S;
1366709;NOTIFICACAO;01/01/2022;2022;01;01;06:28;2022/01;Sábado;MANHA;ESTRADA CAPELA;1.0;VIAS URBANAS;NAO DISPONIVEL;-23,03960605;-47,00067718;3556701;VINHEDO;CAMPINAS;PREFEITURA;PREFEITURA;MUNICIPAL;ATROPELAMENTO;;;;;;;;;;;;;;S;;;;;;;;;;;
1406875;NOTIFICACAO;01/01/2022;2022;01;01;07:00;2022/01;Sábado;MANHA;RUA PRAIA GRANDE;283.0;VIAS URBANAS;NAO DISPONIVEL;-23,43323277;-46,31721901;3523107;ITAQUAQUECETUBA;METROPOLITANA DE SÃO PAULO;PREFEITURA;PREFEITURA;MUNICIPAL;OUTROS;;;;;;;;;;;;;;;;;;;;;;;;S;
1285593;SINISTRO NAO FATAL;01/01/2022;2022;01;01;05:22;2022/01;Sábado;MADRUGADA;SP 015 - TIETE;100.0;ESTRADAS E RODOVIAS;PUBLICO;-23,5225111;-46,6171463;3550308;SAO PAULO;METROPOLITANA DE SÃO PAULO;PREFEITURA;PREFEITURA;ESTADUAL;CHOQUE;;;;1;;;;;;;2;;;;;;;;;S;;;;S;
1494531;NOTIFICACAO;01/01/2022;2022;01;01;08:30;2022/01;Sábado;MANHA;AVENIDA DEPUTADO CANTIDIO SAMPAIO;1621.0;VIAS URBANAS;NAO DISPONIVEL;-23,46054889;-46,68431712;3550308;SAO PAULO;METROPOLITANA DE SÃO PAULO;PREFEITURA;PREFEITURA;MUNICIPAL;OUTROS;;;;;;;;;;;;;;;;;;;;;;;;S;
1374015;SINISTRO NAO FATAL;01/01/2022;2022;01;01;06:45;2022/01;Sábado;MANHA;RUA OTELO AUGUSTO RIBEIRO;771.0;VIAS URBANAS;PUBLICO;-23,5698658;-46,4086072;3550308;SAO PAULO;METROPOLITANA DE SÃO PAULO;PREFEITURA;PREFEITURA;MUNICIPAL;CHOQUE;;;;1;;;;1;;;2;;1;;;;;;;S;;;;S;
1528959;NOTIFICACAO;01/01/2022;2022;01;01;09:59;2022/01;Sábado;MANHA;ALAMEDA FRANCISCO CRISTÓFANI;610.0;VIAS URBANAS;NAO DISPONIVEL;-21,19601676;-47,74222604;3543402;RIBEIRAO PRETO;RIBEIRÃO PRETO;PREFEITURA;PREFEITURA;MUNICIPAL;OUTROS;;;;;;;;;;;;;;;;;;;;;;;;S;
1579675;NOTIFICACAO;01/01/2022;2022;01;01;10:55;2022/01;Sábado;MANHA;ARMANDO VIANA IGREJA;1.0;VIAS URBANAS;NAO DISPONIVEL;-21,4262107;-50,07004468;3537305;PENAPOLIS;ARAÇATUBA;PREFEITURA;PREFEITURA;MUNICIPAL;OUTROS;;;;;;;;;;;;;;;;;;;;;;;;S;
1510855;SINISTRO NAO FATAL;01/01/2022;2022;01;01;08:50;2022/01;Sábado;MANHA;AVENIDA SENADOR TEOTONIO VILELA;2004.0;VIAS URBANAS;PUBLICO;-23,71883483;-46,69894162;3550308;SAO PAULO;METROPOLITANA DE SÃO PAULO;PREFEITURA;PREFEITURA;MUNICIPAL;COLISAO;;;1;1;;;;;;;1;;;;;;;S;;;;;;;
1670436;NOTIFICACAO;01/01/2022;2022;01;01;12:38;2022/01;Sábado;TARDE;SP 129;1.0;ESTRADAS E RODOVIAS;NAO DISPONIVEL;-23,58414689;-48,04195747;3522307;ITAPETININGA;SOROCABA;NAO DISPONIVEL;NAO DISPONIVEL;ESTADUAL;OUTROS;;;;;;;;;;;;;;;;;;;;;;;;S;
1550944;SINISTRO NAO FATAL;01/01/2022;2022;01;01;10:38;2022/01;Sábado;MANHA;RUA UCILLA LORENCINI TAFARELO;238.0;VIAS URBANAS;PUBLICO;-23,1571295;-46,9111805;3525904;JUNDIAI;CAMPINAS;PREFEITURA;PREFEITURA;MUNICIPAL;CHOQUE;;;;1;;;;1;;;3;;1;;;;;;;S;;;;S;
1692796;NOTIFICACAO;01/01/2022;2022;01;01;14:54;2022/01;Sábado;TARDE;AVENIDA ANTÔNIO KOI CHI LGARASHI;285.0;VIAS URBANAS;NAO DISPONIVEL;-21,36723453;-48,24244343;3518602;GUARIBA;RIBEIRÃO PRETO;PREFEITURA;PREFEITURA;MUNICIPAL;OUTROS;;;;;;;;;;;;;;;;;;;;;;;;S;
1747011;NOTIFICACAO;01/01/2022;2022;01;01;16:04;2022/01;Sábado;TARDE;RUA DAS ORQUÍDEAS;150.0;VIAS URBANAS;NAO DISPONIVEL;-23,7199434;-46,61537625;3513801;DIADEMA;METROPOLITANA DE SÃO PAULO;PREFEITURA;PREFEITURA;MUNICIPAL;OUTROS;;;;;;;;;;;;;;;;;;;;;;;;S;
1686400;SINISTRO NAO FATAL;01/01/2022;2022;01;01;13:12;2022/01;Sábado;TARDE;AVENIDA PEREIRA DA SILVA;260.0;VIAS URBANAS;PUBLICO;-23,48436608;-47,44094528;3552205;SOROCABA;SOROCABA;PREFEITURA;PREFEITURA;MUNICIPAL;COLISAO;;;1;1;;;;;;;1;;1;;S;;;;;;;;;S;
2328757;NOTIFICACAO;01/01/2022;2022;01;01;17:37;2022/01;Sábado;TARDE;RUA 5;1.0;VIAS URBANAS;NAO DISPONIVEL;-22,39472054;-47,55991825;3543907;RIO CLARO;CAMPINAS;PREFEITURA;PREFEITURA;MUNICIPAL;OUTROS;;;;;;;;;;;;;;;;;;;;;;;;S;
1710642;SINISTRO NAO FATAL;01/01/2022;2022;01;01;14:28;2022/01;Sábado;TARDE;AVENIDA JOSÉ TEODORO DE SOUZA;10.0;VIAS URBANAS;PUBLICO;-22,60223613;-50,00409059;3509809;CAMPOS NOVOS PAULISTA;MARÍLIA;PREFEITURA;PREFEITURA;MUNICIPAL;OUTROS;;;;1;;;;;;;2;;;;;;;;;;S;;;;
1272343;NOTIFICACAO;01/01/2022;2022;01;01;05:10;2022/01;Sábado;MADRUGADA;SP 065;2.22;VIAS URBANAS;NAO DISPONIVEL;-23,325965213;-46,0290397656;3524402;JACAREI;SÃO JOSÉ DOS CAMPOS;DER;05.04;ESTADUAL;OUTROS;;;;;;;;;;;;;;;;;;;;;;;;S;
1305467;NOTIFICACAO;01/01/2022;2022;01;01;05:43;2022/01;Sábado;MADRUGADA;RUA PROFESSOR OSCÁR VILAÇA;305.0;VIAS URBANAS;NAO DISPONIVEL;-23,0675628;-48,93336522;3504503;AVARE;SOROCABA;PREFEITURA;PREFEITURA;MUNICIPAL;OUTROS;;;;;;;;;;;;;;;;;;;;;;;;S;
1353974;NOTIFICACAO;01/01/2022;2022;01;01;06:27;2022/01;Sábado;MANHA;RUA MIOSÓTIS;740.0;VIAS URBANAS;NAO DISPONIVEL;-22,92909642;-46,52578825;3507605;BRAGANCA PAULISTA;CAMPINAS;PREFEITURA;PREFEITURA;MUNICIPAL;OUTROS;;;;;;;;;;;;;;;;;;;;;;;;S;
2493045;SINISTRO FATAL;01/01/2022;2022;01;01;06:30;2022/01;Sábado;MANHA;ESTRADA DO BAIRRO ALTO;;VIAS URBANAS;PUBLICO;;;3536208;PARIQUERA-ACU;REGISTRO;PREFEITURA;PREFEITURA;MUNICIPAL;CHOQUE;;;1;;;;;;1;;;;;;;;;;;S;;;;S;
1432883;NOTIFICACAO;01/01/2022;2022;01;01;07:40;2022/01;Sábado;MANHA;RUA NICOLAS BRAVO;110.0;VIAS URBANAS;NAO DISPONIVEL;-23,47919646;-46,76092381;3550308;SAO PAULO;METROPOLITANA DE SÃO PAULO;PREFEITURA;PREFEITURA;MUNICIPAL;OUTROS;;;;;;;;;;;;;;;;;;;;;;;;S;
1326850;SINISTRO NAO FATAL;01/01/2022;2022;01;01;06:04;2022/01;Sábado;MANHA;AVENIDA GOVERNADOR MARIO COVAS JÚNIOR;3151.0;VIAS URBANAS;PUBLICO;-24,21890026;-46,84708281;3537602;PERUIBE;BAIXADA SANTISTA;PREFEITURA;PREFEITURA;MUNICIPAL;ATROPELAMENTO;;;1;;;;;;;1;2;;;S;S;;;;;;;;;;
1383458;SINISTRO NAO FATAL;01/01/2022;2022;01;01;06:15;2022/01;Sábado;MANHA;SP 160;12.0;ESTRADAS E RODOVIAS;PUBLICO;-23,65740534;-46,63373763;3550308;SAO PAULO;METROPOLITANA DE SÃO PAULO;CONCESSIONÁRIA;ECOVIAS;ESTADUAL;COLISAO;;;;2;;;;;;;1;;;;;;;S;;;;;;;
1573476;NOTIFICACAO;01/01/2022;2022;01;01;10:08;2022/01;Sábado;MANHA;RUA MONTE CARLO;129.0;VIAS URBANAS;NAO DISPONIVEL;-22,73297185;-45,62119117;3509700;CAMPOS DO JORDAO;SÃO JOSÉ DOS CAMPOS;PREFEITURA;PREFEITURA;MUNICIPAL;OUTROS;;;;;;;;;;;;;;;;;;;;;;;;S;
1473961;SINISTRO NAO FATAL;01/01/2022;2022;01;01;00:41;2022/01;Sábado;MADRUGADA;RUA WAGNER OURO PRETO;100.0;VIAS URBANAS;PUBLICO;-22,17009323;-47,37816562;3526704;LEME;CAMPINAS;PREFEITURA;PREFEITURA;MUNICIPAL;COLISAO;;;;;;;;1;;1;;;;;S;;;;;;;;;S;
1516303;SINISTRO NAO FATAL;01/01/2022;2022;01;01;09:00;2022/01;Sábado;MANHA;RUA MANUEL ACOSTA;200.0;VIAS URBANAS;PUBLICO;-23,42471368;-46,72683795;3550308;SAO PAULO;METROPOLITANA DE SÃO PAULO;PREFEITURA;PREFEITURA;MUNICIPAL;CHOQUE;;;;1;;;;;;1;1;;;;;;;;;S;;;;S;
1533256;SINISTRO NAO FATAL;01/01/2022;2022;01;01;09:54;2022/01;Sábado;MANHA;AVENIDA MIGUEL DE CASTRO;336.0;VIAS URBANAS;NAO DISPONIVEL;-23,48266636;-46,72095233;3550308;SAO PAULO;METROPOLITANA DE SÃO PAULO;PREFEITURA;PREFEITURA;MUNICIPAL;CHOQUE;;;;1;;;;;;;;;;;;;;;;S;;;;;
1558623;SINISTRO NAO FATAL;01/01/2022;2022;01;01;09:30;2022/01;Sábado;MANHA;SP 334;428.0;ESTRADAS E RODOVIAS;PUBLICO;-20,30800082;-47,41582566;3537008;PEDREGULHO;FRANCA;DER;08.03;ESTADUAL;CHOQUE;;;;1;;;;;;1;1;;;;;;;;;S;;;;;
1732109;NOTIFICACAO;01/01/2022;2022;01;01;15:14;2022/01;Sábado;TARDE;ESTRADA DE ITAPECERICA;5859.0;VIAS URBANAS;NAO DISPONIVEL;-23,66195002;-46,77960104;3550308;SAO PAULO;METROPOLITANA DE SÃO PAULO;PREFEITURA;PREFEITURA;MUNICIPAL;OUTROS;;;;;;;;;;;;;;;;;;;;;;;;S;
1665242;NOTIFICACAO;01/01/2022;2022;01;01;16:23;2022/01;Sábado;TARDE;RUA MANUEL DE CARVALHO;108.0;VIAS URBANAS;NAO DISPONIVEL;-23,50682815;-46,70907446;3550308;SAO PAULO;METROPOLITANA DE SÃO PAULO;PREFEITURA;PREFEITURA;MUNICIPAL;OUTROS;;;;;;;;;;;;;;;;;;;;;;;;S;
1755698;NOTIFICACAO;01/01/2022;2022;01;01;17:11;2022/01;Sábado;TARDE;RUA VOTUPORANGA;111.0;VIAS URBANAS;NAO DISPONIVEL;-23,6685584;-46,53140154;3547809;SANTO ANDRE;METROPOLITANA DE SÃO PAULO;PREFEITURA;PREFEITURA;MUNICIPAL;OUTROS;;;;;;;;;;;;;;;;;;;;;;;;S;
1825253;NOTIFICACAO;01/01/2022;2022;01;01;17:47;2022/01;Sábado;TARDE;RUA 5;531.0;VIAS URBANAS;NAO DISPONIVEL;-22,39226313;-47,56837163;3543907;RIO CLARO;CAMPINAS;PREFEITURA;PREFEITURA;MUNICIPAL;OUTROS;;;;;;;;;;;;;;;;;;;;;;;;S;
1689070;SINISTRO NAO FATAL;01/01/2022;2022;01;01;14:26;2022/01;Sábado;TARDE;RUA PORTUGAL;0.0;VIAS URBANAS;PUBLICO;-20,42609356;-49,97819551;3557105;VOTUPORANGA;SÃO JOSÉ DO RIO PRETO;PREFEITURA;PREFEITURA;MUNICIPAL;COLISAO;;;1;1;;;;;;;1;;;;;;;S;;;;;;S;
2460275;SINISTRO FATAL;01/01/2022;2022;01;01;02:53;2022/01;Sábado;MADRUGADA;ESTRADA MUNICIPAL WASHINGTON JOSÉ PÊRA;2341.0;VIAS URBANAS;PUBLICO;-22,034636;-47,9406261;3548906;SAO CARLOS;CENTRAL;PREFEITURA;PREFEITURA;MUNICIPAL;CHOQUE;;;1;;;;;;1;;;;;;;;;;;S;;;;;
1312122;NOTIFICACAO;01/01/2022;2022;01;01;05:50;2022/01;Sábado;MADRUGADA;RUA ALFREDO CASAROTO;302.0;NAO DISPONIVEL;NAO DISPONIVEL;-23,33592427;-46,75446062;3509007;CAIEIRAS;METROPOLITANA DE SÃO PAULO;;;;OUTROS;;;;;;;;;;;;;;;;;;;;;;;;S;
1361581;NOTIFICACAO;01/01/2022;2022;01;01;06:32;2022/01;Sábado;MANHA;AVENIDA RAIMUNDO PEREIRA DE MAGALHAES;1.0;VIAS URBANAS;NAO DISPONIVEL;-23,52013188;-46,71159049;3550308;SAO PAULO;METROPOLITANA DE SÃO PAULO;PREFEITURA;PREFEITURA;MUNICIPAL;OUTROS;;;;;;;;;;;;;;;;;;;;;;;;S;
1413728;NOTIFICACAO;01/01/2022;2022;01;01;07:12;2022/01;Sábado;MANHA;AVENIDA CAPITÃO LUÍS BRANDÃO;1.0;VIAS URBANAS;NAO DISPONIVEL;-22,01275125;-47,8730987;3548906;SAO CARLOS;CENTRAL;PREFEITURA;PREFEITURA;MUNICIPAL;NAO DISPONIVEL;;;;;;;;;;;;;;;;;;;;;;;;;S
1436683;NOTIFICACAO;01/01/2022;2022;01;01;07:48;2022/01;Sábado;MANHA;RUA M 22;100.0;VIAS URBANAS;NAO DISPONIVEL;-22,38599991;-47,57201583;3543907;RIO CLARO;CAMPINAS;PREFEITURA;PREFEITURA;MUNICIPAL;OUTROS;;;;;;;;;;;;;;;;;;;;;;;;S;
2281488;NOTIFICACAO;01/01/2022;2022;01;01;08:39;2022/01;Sábado;MANHA;P NARCIZO GOMES,DR;50.0;VIAS URBANAS;NAO DISPONIVEL;-22,37816245;-47,3750397;3503307;ARARAS;CAMPINAS;PREFEITURA;PREFEITURA;MUNICIPAL;OUTROS;;;;;;;;;;;;;;;;;;;;;;;;S;
1398995;SINISTRO NAO FATAL;01/01/2022;2022;01;01;06:50;2022/01;Sábado;MANHA;AV SAO MIGUEL;4115.0;VIAS URBANAS;PUBLICO;-23,50738848;-46,49406532;3550308;SAO PAULO;METROPOLITANA DE SÃO PAULO;PREFEITURA;PREFEITURA;MUNICIPAL;ATROPELAMENTO;1;;;1;;;;;;;1;;;S;;;;;;;;;;;
1572171;NOTIFICACAO;01/01/2022;2022;01;01;10:13;2022/01;Sábado;MANHA;RUA ALEXANDRE GIUSTI;17.0;VIAS URBANAS;NAO DISPONIVEL;-23,7433568;-46,70219693;3550308;SAO PAULO;METROPOLITANA DE SÃO PAULO;PREFEITURA;PREFEITURA;MUNICIPAL;OUTROS;;;;;;;;;;;;;;;;;;;;;;;;S;
1578231;NOTIFICACAO;01/01/2022;2022;01;01;11:10;2022/01;Sábado;MANHA;RUA PADRE ANTÔNIO VIÊIRA;390.0;VIAS URBANAS;NAO DISPONIVEL;-23,27810999;-46,75945404;3516309;FRANCISCO MORATO;METROPOLITANA DE SÃO PAULO;PREFEITURA;PREFEITURA;MUNICIPAL;OUTROS;;;;;;;;;;;;;;;;;;;;;;;;S;
1645177;NOTIFICACAO;01/01/2022;2022;01;01;12:03;2022/01;Sábado;TARDE;RUA RUBEM SOUTO DE ARAUJO;860.0;VIAS URBANAS;NAO DISPONIVEL;-23,73959763;-46,70670895;3550308;SAO PAULO;METROPOLITANA DE SÃO PAULO;PREFEITURA;PREFEITURA;MUNICIPAL;OUTROS;;;;;;;;;;;;;;;;;;;;;;;;S;
1560478;SINISTRO NAO FATAL;01/01/2022;2022;01;01;09:55;2022/01;Sábado;MANHA;RUA ALCÍDES FRANSISQUETI;720.0;VIAS URBANAS;PUBLICO;-22,49535771;-47,20670932;3515152;ENGENHEIRO COELHO;CAMPINAS;PREFEITURA;PREFEITURA;MUNICIPAL;CHOQUE;;;;2;;;;;;;1;;;;;;;;;S;;;;;
1558761;SINISTRO NAO FATAL;01/01/2022;2022;01;01;10:53;2022/01;Sábado;MANHA;AVENIDA ANCHIETA;8300.0;VIAS URBANAS;PUBLICO;-23,81486969;-46,08112778;3506359;BERTIOGA;BAIXADA SANTISTA;PREFEITURA;PREFEITURA;MUNICIPAL;OUTROS;;;;1;;;;;;;1;;;;;;;;;;S;;;;
1733428;NOTIFICACAO;01/01/2022;2022;01;01;15:13;2022/01;Sábado;TARDE;PONTE ARICANDUVA;10.0;VIAS URBANAS;NAO DISPONIVEL;-23,52268424;-46,55857279;3550308;SAO PAULO;METROPOLITANA DE SÃO PAULO;PREFEITURA;PREFEITURA;MUNICIPAL;OUTROS;;;;;;;;;;;;;;;;;;;;;;;;S;
1659882;SINISTRO NAO FATAL;01/01/2022;2022;01;01;12:31;2022/01;Sábado;TARDE;RUA PAULINO DE LIMA;1.0;VIAS URBANAS;PUBLICO;-24,72949338;-48,12469246;3509254;CAJATI;REGISTRO;PREFEITURA;PREFEITURA;MUNICIPAL;CHOQUE;;;;1;;;;;;;1;;;;;;;;;S;;;;;
1667622;SINISTRO NAO FATAL;01/01/2022;2022;01;01;00:54;2022/01;Sábado;MADRUGADA;RUA MESTRE JOÃO;10.0;VIAS URBANAS;PUBLICO;-21,77318936;-52,14379509;3541307;PRESIDENTE EPITACIO;PRESIDENTE PRUDENTE;PREFEITURA;PREFEITURA;MUNICIPAL;OUTROS;;;1;;;;;;;;1;;;;;;;;;;;;;S;
2328615;NOTIFICACAO;01/01/2022;2022;01;01;17:54;2022/01;Sábado;TARDE;PONTE TRANSAMERICA;100.0;VIAS URBANAS;NAO DISPONIVEL;-23,65234096;-46,72296877;3550308;SAO PAULO;METROPOLITANA DE SÃO PAULO;PREFEITURA;PREFEITURA;MUNICIPAL;OUTROS;;;;;;;;;;;;;;;;;;;;;;;;S;
1775855;NOTIFICACAO;01/01/2022;2022;01;01;18:31;2022/01;Sábado;NOITE;BR 381;17.0;ESTRADAS E RODOVIAS;NAO DISPONIVEL;-23,32315592;-46,58718516;3528502;MAIRIPORA;METROPOLITANA DE SÃO PAULO;CONCESSIONÁRIA;AUTOPISTA FERNÃO DIAS;FEDERAL;OUTROS;;;;;;;;;;;;;;;;;;;;;;;;S;
1275691;NOTIFICACAO;01/01/2022;2022;01;01;05:19;2022/01;Sábado;MADRUGADA;AVENIDA JAPAO;5999.0;VIAS URBANAS;NAO DISPONIVEL;-23,57574061;-46,22035219;3530607;MOGI DAS CRUZES;METROPOLITANA DE SÃO PAULO;PREFEITURA;PREFEITURA;MUNICIPAL;NAO DISPONIVEL;;;;;;;;;;;;;;;;;;;;;;;;;S
2270894;NOTIFICACAO;01/01/2022;2022;01;01;05:52;2022/01;Sábado;MADRUGADA;AVENIDA BRIGADEIRO FARIA LIMA;0.0;VIAS URBANAS;NAO DISPONIVEL;-23,5675566;-46,69326623;3550308;SAO PAULO;METROPOLITANA DE SÃO PAULO;PREFEITURA;PREFEITURA;MUNICIPAL;OUTROS;;;;;;;;;;;;;;;;;;;;;;;;S;
1361934;NOTIFICACAO;01/01/2022;2022;01;01;06:35;2022/01;Sábado;MANHA;RUA IZÍDIO CABRAL DE JESUS;113.0;VIAS URBANAS;NAO DISPONIVEL;-23,42808856;-46,54729273;3518800;GUARULHOS;METROPOLITANA DE SÃO PAULO;PREFEITURA;PREFEITURA;MUNICIPAL;OUTROS;;;;;;;;;;;;;;;;;;;;;;;;S;
1415546;NOTIFICACAO;01/01/2022;2022;01;01;07:16;2022/01;Sábado;MANHA;RUA MIRANDÓPOLIS;617.0;VIAS URBANAS;NAO DISPONIVEL;-23,47538577;-46,28852409;3523107;ITAQUAQUECETUBA;METROPOLITANA DE SÃO PAULO;PREFEITURA;PREFEITURA;MUNICIPAL;OUTROS;;;;;;;;;;;;;;;;;;;;;;;;S;
1303280;SINISTRO NAO FATAL;01/01/2022;2022;01;01;05:40;2022/01;Sábado;MADRUGADA;AVENIDA HELIO PELLEGRINO;1701.0;VIAS URBANAS;PUBLICO;-23,59697518;-46,67915585;3550308;SAO PAULO;METROPOLITANA DE SÃO PAULO;PREFEITURA;PREFEITURA;MUNICIPAL;CHOQUE;;;;1;;;;;;;1;;;;;;;;;S;;;;S;
1357645;SINISTRO NAO FATAL;01/01/2022;2022;01;01;06:24;2022/01;Sábado;MANHA;AVENIDA ESCOLA POLITECNICA;82.0;VIAS URBANAS;PUBLICO;-23,54939425;-46,7325906;3550308;SAO PAULO;METROPOLITANA DE SÃO PAULO;PREFEITURA;PREFEITURA;MUNICIPAL;OUTROS;;;1;;;;;;;;1;;;;;;;;;;;;;S;
1400157;SINISTRO NAO FATAL;01/01/2022;2022;01;01;06:45;2022/01;Sábado;MANHA;SP 107;30.0;ESTRADAS E RODOVIAS;PUBLICO;-22,6286402981;-47,0292898664;3519055;HOLAMBRA;CAMPINAS;DER;01.01;ESTADUAL;CHOQUE;;;;1;;;;;;;1;;;;;;;;;S;;;S;;
1566356;NOTIFICACAO;01/01/2022;2022;01;01;10:20;2022/01;Sábado;MANHA;RUA DOS FRANCOS;351.0;VIAS URBANAS;NAO DISPONIVEL;-23,72511512;-46,80766345;3522208;ITAPECERICA DA SERRA;METROPOLITANA DE SÃO PAULO;PREFEITURA;PREFEITURA;MUNICIPAL;OUTROS;;;;;;;;;;;;;;;;;;;;;;;;S;
1463379;SINISTRO NAO FATAL;01/01/2022;2022;01;01;08:18;2022/01;Sábado;MANHA;AVENIDA CAMPINAS;100.0;VIAS URBANAS;PUBLICO;-22,56926456;-47,39845737;3526902;LIMEIRA;CAMPINAS;PREFEITURA;PREFEITURA;MUNICIPAL;OUTROS;;;;1;;;;;;;1;;;;;;;;;;;;S;;
1646386;NOTIFICACAO;01/01/2022;2022;01;01;12:01;2022/01;Sábado;TARDE;RUA SANTA RITA DE CASSIA;457.0;VIAS URBANAS;NAO DISPONIVEL;-23,79190039;-46,50328294;3548708;SAO BERNARDO DO CAMPO;METROPOLITANA DE SÃO PAULO;PREFEITURA;PREFEITURA;MUNICIPAL;ATROPELAMENTO;;;;;;;;;;;;;;S;;;;;;;;;;;
1554548;SINISTRO NAO FATAL;01/01/2022;2022;01;01;10:03;2022/01;Sábado;MANHA;AVENIDA ANTÔNIO SILVIO CUNHA BUENO;1802.0;VIAS URBANAS;PUBLICO;-23,72245214;-46,61608127;3513801;DIADEMA;METROPOLITANA DE SÃO PAULO;PREFEITURA;PREFEITURA;MUNICIPAL;OUTROS;;;1;;;;;;;1;1;;;;;;;;;;;;;S;
1538224;SINISTRO NAO FATAL;01/01/2022;2022;01;01;11:05;2022/01;Sábado;MANHA;RUA ROBERTO SAMPAIO FERREIRA;620.0;VIAS URBANAS;NAO DISPONIVEL;-23,65736534;-46,76358008;3550308;SAO PAULO;METROPOLITANA DE SÃO PAULO;PREFEITURA;PREFEITURA;MUNICIPAL;OUTROS;;;;;;;;1;;;;;1;;;;;;;;;;;S;
2318440;NOTIFICACAO;01/01/2022;2022;01;01;15:12;2022/01;Sábado;TARDE;SP 348;24.0;ESTRADAS E RODOVIAS;NAO DISPONIVEL;-23,43095172;-46,76026281;3550308;SAO PAULO;METROPOLITANA DE SÃO PAULO;CONCESSIONÁRIA;AUTOBAN;ESTADUAL;OUTROS;;;;;;;;;;;;;;;;;;;;;;;;S;
1660580;SINISTRO NAO FATAL;01/01/2022;2022;01;01;12:41;2022/01;Sábado;TARDE;PRAÇA STELIO MACHADO LOUREIRO;100.0;VIAS URBANAS;PUBLICO;-23,51730811;-46,60870708;3550308;SAO PAULO;METROPOLITANA DE SÃO PAULO;PREFEITURA;PREFEITURA;MUNICIPAL;CHOQUE;;;;1;;;;;;;1;;;;;;;;;S;;;;;
1753085;NOTIFICACAO;01/01/2022;2022;01;01;17:22;2022/01;Sábado;TARDE;RUA INACIO MONTEIRO;8828.0;VIAS URBANAS;NAO DISPONIVEL;-23,58795793;-46,38169618;3550308;SAO PAULO;METROPOLITANA DE SÃO PAULO;PREFEITURA;PREFEITURA;MUNICIPAL;OUTROS;;;;;;;;;;;;;;;;;;;;;;;;S;
1768013;NOTIFICACAO;01/01/2022;2022;01;01;17:51;2022/01;Sábado;TARDE;RUA MARECHAL DEODORO;50.0;VIAS URBANAS;NAO DISPONIVEL;-23,20236446;-47,2857705;3545209;SALTO;SOROCABA;PREFEITURA;PREFEITURA;MUNICIPAL;OUTROS;;;;;;;;;;;;;;;;;;;;;;;;S;
2315157;SINISTRO NAO FATAL;01/01/2022;2022;01;01;14:35;2022/01;Sábado;TARDE;RUA TIBURCIO DE SOUSA;2083.0;VIAS URBANAS;PUBLICO;-23,5139932;-46,39111029;3550308;SAO PAULO;METROPOLITANA DE SÃO PAULO;PREFEITURA;PREFEITURA;MUNICIPAL;CHOQUE;;;;1;;;;;;;1;;;;;;;;;S;;;;;
1278509;NOTIFICACAO;01/01/2022;2022;01;01;05:20;2022/01;Sábado;MADRUGADA;RUA VEREADO NELSON GUIRALDELI;1.0;VIAS URBANAS;NAO DISPONIVEL;-22,43634394;-46,82581211;3522604;ITAPIRA;CAMPINAS;PREFEITURA;PREFEITURA;MUNICIPAL;NAO DISPONIVEL;;;;;;;;;;;;;;;;;;;;;;;;;S
1324780;NOTIFICACAO;01/01/2022;2022;01;01;05:57;2022/01;Sábado;MADRUGADA;RUA IVAN;20.0;VIAS URBANAS;NAO DISPONIVEL;-23,66886868;-46,7743134;3550308;SAO PAULO;METROPOLITANA DE SÃO PAULO;PREFEITURA;PREFEITURA;MUNICIPAL;OUTROS;;;;;;;;;;;;;;;;;;;;;;;;S;
1380721;NOTIFICACAO;01/01/2022;2022;01;01;06:44;2022/01;Sábado;MANHA;JOSE;1.0;VIAS URBANAS;NAO DISPONIVEL;-21,19476544;-48,78515117;3503703;ARIRANHA;SÃO JOSÉ DO RIO PRETO;PREFEITURA;PREFEITURA;MUNICIPAL;OUTROS;;;;;;;;;;;;;;;;;;;;;;;;S;
1413354;NOTIFICACAO;01/01/2022;2022;01;01;07:20;2022/01;Sábado;MANHA;RUA ANTONIO LOPES DE BARROS;871.0;VIAS URBANAS;NAO DISPONIVEL;-23,45562835;-46,66977497;3550308;SAO PAULO;METROPOLITANA DE SÃO PAULO;PREFEITURA;PREFEITURA;MUNICIPAL;OUTROS;;;;;;;;;;;;;;;;;;;;;;;;S;
1451743;NOTIFICACAO;01/01/2022;2022;01;01;07:48;2022/01;Sábado;MANHA;SP 344;6.0;ESTRADAS E RODOVIAS;NAO DISPONIVEL;-21,51486524;-46,63948823;3508702;CACONDE;CAMPINAS;DER;13.05;ESTADUAL;OUTROS;;;;;;;;;;;;;;;;;;;;;;;;S;
1356747;SINISTRO NAO FATAL;01/01/2022;2022;01;01;00:35;2022/01;Sábado;MADRUGADA;AVENIDA DOMINGOS FALAVINA;619.0;VIAS URBANAS;NAO DISPONIVEL;-20,78318942;-49,38734727;3549805;SAO JOSE DO RIO PRETO;SÃO JOSÉ DO RIO PRETO;PREFEITURA;PREFEITURA;MUNICIPAL;OUTROS;;;;;;;;2;;;;;1;;;;;;;;;;;S;
1539816;NOTIFICACAO;01/01/2022;2022;01;01;09:35;2022/01;Sábado;MANHA;ESTRADA FAZENDA SÃO JOSÉ;10.0;VIAS URBANAS;NAO DISPONIVEL;-22,12128506;-51,17962848;3529203;MARTINOPOLIS;PRESIDENTE PRUDENTE;PREFEITURA;PREFEITURA;MUNICIPAL;OUTROS;;;;;;;;;;;;;;;;;;;;;;;;S;
1579194;NOTIFICACAO;01/01/2022;2022;01;01;10:21;2022/01;Sábado;MANHA;AVENIDA GREGORIO BEZERRA;16.0;VIAS URBANAS;NAO DISPONIVEL;-23,70626411;-46,68708707;3550308;SAO PAULO;METROPOLITANA DE SÃO PAULO;PREFEITURA;PREFEITURA;MUNICIPAL;OUTROS;;;;;;;;;;;;;;;;;;;;;;;;S;
1613527;NOTIFICACAO;01/01/2022;2022;01;01;11:11;2022/01;Sábado;MANHA;SP 114;10.0;ESTRADAS E RODOVIAS;NAO DISPONIVEL;-21,41618026;-50,05395038;3537305;PENAPOLIS;ARAÇATUBA;NAO DISPONIVEL;NAO DISPONIVEL;ESTADUAL;OUTROS;;;;;;;;;;;;;;;;;;;;;;;;S;
1657032;NOTIFICACAO;01/01/2022;2022;01;01;12:17;2022/01;Sábado;TARDE;RUA SERRA DA QUEIMADA;800.0;VIAS URBANAS;NAO DISPONIVEL;-23,52695969;-46,41007779;3550308;SAO PAULO;METROPOLITANA DE SÃO PAULO;PREFEITURA;PREFEITURA;MUNICIPAL;OUTROS;;;;;;;;;;;;;;;;;;;;;;;;S;
1659705;NOTIFICACAO;01/01/2022;2022;01;01;13:09;2022/01;Sábado;TARDE;ESTRADA MUNICIPAL LIM10;486.0;VIAS URBANAS;NAO DISPONIVEL;-22,62042348;-47,39909824;3526902;LIMEIRA;CAMPINAS;PREFEITURA;PREFEITURA;MUNICIPAL;OUTROS;;;;;;;;;;;;;;;;;;;;;;;;S;
1564720;SINISTRO NAO FATAL;01/01/2022;2022;01;01;11:06;2022/01;Sábado;MANHA;DURVAL MARTINS MUYLAERT;49.0;VIAS URBANAS;PUBLICO;-23,54416631;-47,19225861;3528403;MAIRINQUE;SOROCABA;PREFEITURA;PREFEITURA;MUNICIPAL;COLISAO;;;;1;;;;1;;;1;;;;;;S;;;;;;;;
1628554;SINISTRO NAO FATAL;01/01/2022;2022;01;01;11:55;2022/01;Sábado;MANHA;AVENIDA PAULO FACINI;0.0;VIAS URBANAS;PUBLICO;-23,45353622;-46,53456693;3518800;GUARULHOS;METROPOLITANA DE SÃO PAULO;PREFEITURA;PREFEITURA;MUNICIPAL;CHOQUE;;;;1;;;;;;;1;;;;;;;;;S;;;;S;
1624536;SINISTRO NAO FATAL;01/01/2022;2022;01;01;11:40;2022/01;Sábado;MANHA;SP 160;28.0;ESTRADAS E RODOVIAS;PUBLICO;-23,78618967;-46,59752986;3548708;SAO BERNARDO DO CAMPO;METROPOLITANA DE SÃO PAULO;DER;10.01;ESTADUAL;OUTROS;;;1;;;;;;;;2;;;;;;;;;;;;S;;
2515421;SINISTRO NAO FATAL;01/01/2022;2022;01;01;23:00;2022/01;Sábado;NOITE;SP 373;99999.0;ESTRADAS E RODOVIAS;PUBLICO;-20,55076815;-48,59193301;3505500;BARRETOS;BARRETOS;DER;14.01;ESTADUAL;CHOQUE;;;;1;;;;;;;;;;;;;;;;S;;;;;
